GivenName,Surname,DisplayName,SamAccountName,Name
Ernest,Lord,Ernest.Lord,Ernest.Lord,Ernest Lord
Julia,Bishop,Julia.Bishop,Julia.Bishop,Julia Bishop
Jakob,Hanson,Jakob.Hanson,Jakob.Hanson,Jakob Hanson
Jeff,Graves,Jeff.Graves,Jeff.Graves,Jeff Graves
Vicky,Grant,Vicky.Grant,Vicky.Grant,Vicky Grant
Vicky,Fox,Vicky.Fox,Vicky.Fox,Vicky Fox
Debra,Clark,Debra.Clark,Debra.Clark,Debra Clark
Walter,Lambert,Walter.Lambert,Walter.Lambert,Walter Lambert
Dale,Lambert,Dale.Lambert,Dale.Lambert,Dale Lambert
Clinton,Kennedy,Clinton.Kennedy,Clinton.Kenned,Clinton Kennedy
Albert,Gray,Albert.Gray,Albert.Gray,Albert Gray
Emily,Weaver,Emily.Weaver,Emily.Weaver,Emily Weaver
Austin,Ross,Austin.Ross,Austin.Ross,Austin Ross
Hugh,Wright,Hugh.Wright,Hugh.Wright,Hugh Wright
Becky,Spencer,Becky.Spencer,Becky.Spencer,Becky Spencer
Julie,Warren,Julie.Warren,Julie.Warren,Julie Warren
Tracy,Kelly,Tracy.Kelly,Tracy.Kelly,Tracy Kelly
Barbara,Ryan,Barbara.Ryan,Barbara.Ryan,Barbara Ryan
Jenny,Adams,Jenny.Adams,Jenny.Adams,Jenny Adams
Bernard,Watts,Bernard.Watts,Bernard.Watts,Bernard Watts
Seth,Carter,Seth.Carter,Seth.Carter,Seth Carter
Virgil,Johnston,Virgil.Johnston,Virgil.Johnsto,Virgil Johnston
Brittany,Sims,Brittany.Sims,Brittany.Sims,Brittany Sims
Fred,Ryan,Fred.Ryan,Fred.Ryan,Fred Ryan
Brad,Jenkins,Brad.Jenkins,Brad.Jenkins,Brad Jenkins
Louis,Smith,Louis.Smith,Louis.Smith,Louis Smith
Cody,Hamilton,Cody.Hamilton,Cody.Hamilton,Cody Hamilton
Lola,Young,Lola.Young,Lola.Young,Lola Young
Judy,Fields,Judy.Fields,Judy.Fields,Judy Fields
Harvey,Soto,Harvey.Soto,Harvey.Soto,Harvey Soto
Ashley,Alexander,Ashley.Alexander,Ashley.Alexand,Ashley Alexander
Anna,Hoffman,Anna.Hoffman,Anna.Hoffman,Anna Hoffman
Salvador,Barnett,Salvador.Barnett,Salvador.Barne,Salvador Barnett
Milton,Howell,Milton.Howell,Milton.Howell,Milton Howell
Stephanie,Woods,Stephanie.Woods,Stephanie.Wood,Stephanie Woods
Tim,Hicks,Tim.Hicks,Tim.Hicks,Tim Hicks
Norman,Clark,Norman.Clark,Norman.Clark,Norman Clark
Charles,Reyes,Charles.Reyes,Charles.Reyes,Charles Reyes
Wade,Mendoza,Wade.Mendoza,Wade.Mendoza,Wade Mendoza
Carter,Sims,Carter.Sims,Carter.Sims,Carter Sims
Ronald,Day,Ronald.Day,Ronald.Day,Ronald Day
Gerald,Phillips,Gerald.Phillips,Gerald.Phillip,Gerald Phillips
Kurt,Mason,Kurt.Mason,Kurt.Mason,Kurt Mason
Donna,Horton,Donna.Horton,Donna.Horton,Donna Horton
Erin,Jordan,Erin.Jordan,Erin.Jordan,Erin Jordan
Anna,Gonzalez,Anna.Gonzalez,Anna.Gonzalez,Anna Gonzalez
Ted,Stone,Ted.Stone,Ted.Stone,Ted Stone
David,Davies,David.Davies,David.Davies,David Davies
Alfredo,Douglas,Alfredo.Douglas,Alfredo.Dougla,Alfredo Douglas
Zoe,Boyd,Zoe.Boyd,Zoe.Boyd,Zoe Boyd
Jenny,Rice,Jenny.Rice,Jenny.Rice,Jenny Rice
Julia,Bailey,Julia.Bailey,Julia.Bailey,Julia Bailey
Rick,Perkins,Rick.Perkins,Rick.Perkins,Rick Perkins
Sophia,Bailey,Sophia.Bailey,Sophia.Bailey,Sophia Bailey
Nicky,Roberts,Nicky.Roberts,Nicky.Roberts,Nicky Roberts
Leroy,Myers,Leroy.Myers,Leroy.Myers,Leroy Myers
Christopher,Freeman,Christopher.Freeman,Christopher.Fr,Christopher Freeman
Susan,Wallace,Susan.Wallace,Susan.Wallace,Susan Wallace
Mandy,Hart,Mandy.Hart,Mandy.Hart,Mandy Hart
Brett,Brewer,Brett.Brewer,Brett.Brewer,Brett Brewer
Britney,Ryan,Britney.Ryan,Britney.Ryan,Britney Ryan
Donna,Burke,Donna.Burke,Donna.Burke,Donna Burke
Julie,Freeman,Julie.Freeman,Julie.Freeman,Julie Freeman
Floyd,Carr,Floyd.Carr,Floyd.Carr,Floyd Carr
Laura,Franklin,Laura.Franklin,Laura.Franklin,Laura Franklin
Faith,Phillips,Faith.Phillips,Faith.Phillips,Faith Phillips
Harry,Ryan,Harry.Ryan,Harry.Ryan,Harry Ryan
Stephanie,Butler,Stephanie.Butler,Stephanie.Butl,Stephanie Butler
Neil,Hunt,Neil.Hunt,Neil.Hunt,Neil Hunt
Colin,Austin,Colin.Austin,Colin.Austin,Colin Austin
Teresa,Peterson,Teresa.Peterson,Teresa.Peterso,Teresa Peterson
Eleanor,Hoffman,Eleanor.Hoffman,Eleanor.Hoffma,Eleanor Hoffman
Patrick,Chapman,Patrick.Chapman,Patrick.Chapma,Patrick Chapman
Debbie,Harvey,Debbie.Harvey,Debbie.Harvey,Debbie Harvey
Carol,Holt,Carol.Holt,Carol.Holt,Carol Holt
Abby,Matthews,Abby.Matthews,Abby.Matthews,Abby Matthews
Ralph,Garza,Ralph.Garza,Ralph.Garza,Ralph Garza
Carl,Johnston,Carl.Johnston,Carl.Johnston,Carl Johnston
Ashley,Simmmons,Ashley.Simmmons,Ashley.Simmmon,Ashley Simmmons
Sofia,Dixon,Sofia.Dixon,Sofia.Dixon,Sofia Dixon
Mia,Willis,Mia.Willis,Mia.Willis,Mia Willis
Caitlin,Howell,Caitlin.Howell,Caitlin.Howell,Caitlin Howell
Bill,Rose,Bill.Rose,Bill.Rose,Bill Rose
Duane,Gregory,Duane.Gregory,Duane.Gregory,Duane Gregory
Andre,Medina,Andre.Medina,Andre.Medina,Andre Medina
Debra,Phillips,Debra.Phillips,Debra.Phillips,Debra Phillips
Mia,Murray,Mia.Murray,Mia.Murray,Mia Murray
Clayton,Brooks,Clayton.Brooks,Clayton.Brooks,Clayton Brooks
Arthur,Woods,Arthur.Woods,Arthur.Woods,Arthur Woods
Tom,Steward,Tom.Steward,Tom.Steward,Tom Steward
Carlos,Elliott,Carlos.Elliott,Carlos.Elliott,Carlos Elliott
Carol,Dixon,Carol.Dixon,Carol.Dixon,Carol Dixon
Christina,Jimenez,Christina.Jimenez,Christina.Jime,Christina Jimenez
Debbie,Elliott,Debbie.Elliott,Debbie.Elliott,Debbie Elliott
Keith,Fletcher,Keith.Fletcher,Keith.Fletcher,Keith Fletcher
Bill,Elliott,Bill.Elliott,Bill.Elliott,Bill Elliott
Heidi,Hayes,Heidi.Hayes,Heidi.Hayes,Heidi Hayes
Ronald,Johnson,Ronald.Johnson,Ronald.Johnson,Ronald Johnson
Art,Graves,Art.Graves,Art.Graves,Art Graves
Marvin,Gray,Marvin.Gray,Marvin.Gray,Marvin Gray
Emma,Myers,Emma.Myers,Emma.Myers,Emma Myers
Hanna,Morrison,Hanna.Morrison,Hanna.Morrison,Hanna Morrison
Luke,Welch,Luke.Welch,Luke.Welch,Luke Welch
Charlotte,Holmes,Charlotte.Holmes,Charlotte.Holm,Charlotte Holmes
Samuel,Warren,Samuel.Warren,Samuel.Warren,Samuel Warren
Derek,Hayes,Derek.Hayes,Derek.Hayes,Derek Hayes
Dean,Montgomery,Dean.Montgomery,Dean.Montgomer,Dean Montgomery
Bernard,Collins,Bernard.Collins,Bernard.Collin,Bernard Collins
Clyde,Wade,Clyde.Wade,Clyde.Wade,Clyde Wade
Kristin,Walters,Kristin.Walters,Kristin.Walter,Kristin Walters
Edwin,Hopkins,Edwin.Hopkins,Edwin.Hopkins,Edwin Hopkins
Katie,Herrera,Katie.Herrera,Katie.Herrera,Katie Herrera
Larry,Miller,Larry.Miller,Larry.Miller,Larry Miller
Carter,Bradley,Carter.Bradley,Carter.Bradley,Carter Bradley
Marvin,Palmer,Marvin.Palmer,Marvin.Palmer,Marvin Palmer
Sarah,Bates,Sarah.Bates,Sarah.Bates,Sarah Bates
Sebastian,Andrews,Sebastian.Andrews,Sebastian.Andr,Sebastian Andrews
Tracey,Graves,Tracey.Graves,Tracey.Graves,Tracey Graves
Zoe,Harrison,Zoe.Harrison,Zoe.Harrison,Zoe Harrison
Emma,Stevens,Emma.Stevens,Emma.Stevens,Emma Stevens
Stephen,Holt,Stephen.Holt,Stephen.Holt,Stephen Holt
Grace,Cooper,Grace.Cooper,Grace.Cooper,Grace Cooper
Lily,Howell,Lily.Howell,Lily.Howell,Lily Howell
Vanessa,Obrien,Vanessa.Obrien,Vanessa.Obrien,Vanessa Obrien
Armando,Hamilton,Armando.Hamilton,Armando.Hamilt,Armando Hamilton
Tracey,Garrett,Tracey.Garrett,Tracey.Garrett,Tracey Garrett
Kent,Harvey,Kent.Harvey,Kent.Harvey,Kent Harvey
Salvador,Robinson,Salvador.Robinson,Salvador.Robin,Salvador Robinson
Johnni,Garrett,Johnni.Garrett,Johnni.Garrett,Johnni Garrett
Wesley,Medina,Wesley.Medina,Wesley.Medina,Wesley Medina
Jayden,Berry,Jayden.Berry,Jayden.Berry,Jayden Berry
Julian,Porter,Julian.Porter,Julian.Porter,Julian Porter
Brittany,Chapman,Brittany.Chapman,Brittany.Chapm,Brittany Chapman
Sheryl,Lowe,Sheryl.Lowe,Sheryl.Lowe,Sheryl Lowe
Britney,Gibson,Britney.Gibson,Britney.Gibson,Britney Gibson
Aiden,Patterson,Aiden.Patterson,Aiden.Patterso,Aiden Patterson
Don,Watson,Don.Watson,Don.Watson,Don Watson
Faith,Dunn,Faith.Dunn,Faith.Dunn,Faith Dunn
Karen,Dixon,Karen.Dixon,Karen.Dixon,Karen Dixon
Marcus,Berry,Marcus.Berry,Marcus.Berry,Marcus Berry
Susanna,Fleming,Susanna.Fleming,Susanna.Flemin,Susanna Fleming
Dave,White,Dave.White,Dave.White,Dave White
Vicky,Day,Vicky.Day,Vicky.Day,Vicky Day
Mario,Lopez,Mario.Lopez,Mario.Lopez,Mario Lopez
Allie,Wright,Allie.Wright,Allie.Wright,Allie Wright
Isaac,Rice,Isaac.Rice,Isaac.Rice,Isaac Rice
Landon,Gonzales,Landon.Gonzales,Landon.Gonzale,Landon Gonzales
Sarah,Rivera,Sarah.Rivera,Sarah.Rivera,Sarah Rivera
Victor,Cole,Victor.Cole,Victor.Cole,Victor Cole
Becky,Fields,Becky.Fields,Becky.Fields,Becky Fields
Susan,Hoffman,Susan.Hoffman,Susan.Hoffman,Susan Hoffman
Edgar,Alvarez,Edgar.Alvarez,Edgar.Alvarez,Edgar Alvarez
Clayton,Soto,Clayton.Soto,Clayton.Soto,Clayton Soto
Leonard,Arnold,Leonard.Arnold,Leonard.Arnold,Leonard Arnold
Olivia,Baker,Olivia.Baker,Olivia.Baker,Olivia Baker
Vicky,Dunn,Vicky.Dunn,Vicky.Dunn,Vicky Dunn
Maddison,Carter,Maddison.Carter,Maddison.Carte,Maddison Carter
Norman,Gibson,Norman.Gibson,Norman.Gibson,Norman Gibson
Rosie,Dean,Rosie.Dean,Rosie.Dean,Rosie Dean
Allie,Thompson,Allie.Thompson,Allie.Thompson,Allie Thompson
Katherine,Torres,Katherine.Torres,Katherine.Torr,Katherine Torres
Matthew,Collins,Matthew.Collins,Matthew.Collin,Matthew Collins
Carlos,Carlson,Carlos.Carlson,Carlos.Carlson,Carlos Carlson
Sophia,Peterson,Sophia.Peterson,Sophia.Peterso,Sophia Peterson
Edwin,Davis,Edwin.Davis,Edwin.Davis,Edwin Davis
Neil,Richards,Neil.Richards,Neil.Richards,Neil Richards
Henry,Alvarez,Henry.Alvarez,Henry.Alvarez,Henry Alvarez
Gregory,Hudson,Gregory.Hudson,Gregory.Hudson,Gregory Hudson
Chad,Fox,Chad.Fox,Chad.Fox,Chad Fox
Benjamin,Owens,Benjamin.Owens,Benjamin.Owens,Benjamin Owens
Tomothy,Griffin,Tomothy.Griffin,Tomothy.Griffi,Tomothy Griffin
Frank,Terry,Frank.Terry,Frank.Terry,Frank Terry
Susan,Palmer,Susan.Palmer,Susan.Palmer,Susan Palmer
Samuel,Gomez,Samuel.Gomez,Samuel.Gomez,Samuel Gomez
Harry,Ferguson,Harry.Ferguson,Harry.Ferguson,Harry Ferguson
Albert,Ryan,Albert.Ryan,Albert.Ryan,Albert Ryan
Sara,Reid,Sara.Reid,Sara.Reid,Sara Reid
Timothy,Williamson,Timothy.Williamson,Timothy.Willia,Timothy Williamson
Gerald,Hill,Gerald.Hill,Gerald.Hill,Gerald Hill
Abbie,Davis,Abbie.Davis,Abbie.Davis,Abbie Davis
Jerome,Mason,Jerome.Mason,Jerome.Mason,Jerome Mason
Erin,Tucker,Erin.Tucker,Erin.Tucker,Erin Tucker
Floyd,Jackson,Floyd.Jackson,Floyd.Jackson,Floyd Jackson
Sofia,Ray,Sofia.Ray,Sofia.Ray,Sofia Ray
Brent,Fox,Brent.Fox,Brent.Fox,Brent Fox
Barb,Alvarez,Barb.Alvarez,Barb.Alvarez,Barb Alvarez
Scott,Hunter,Scott.Hunter,Scott.Hunter,Scott Hunter
Norman,Mccoy,Norman.Mccoy,Norman.Mccoy,Norman Mccoy
Austin,Sullivan,Austin.Sullivan,Austin.Sulliva,Austin Sullivan
Maria,Ward,Maria.Ward,Maria.Ward,Maria Ward
Ashley,Jones,Ashley.Jones,Ashley.Jones,Ashley Jones
Vincent,Fox,Vincent.Fox,Vincent.Fox,Vincent Fox
Ricky,Woods,Ricky.Woods,Ricky.Woods,Ricky Woods
Hugh,Perez,Hugh.Perez,Hugh.Perez,Hugh Perez
Heidi,Jones,Heidi.Jones,Heidi.Jones,Heidi Jones
Darren,Mckinney,Darren.Mckinney,Darren.Mckinne,Darren Mckinney
Floyd,Fowler,Floyd.Fowler,Floyd.Fowler,Floyd Fowler
Molly,Smith,Molly.Smith,Molly.Smith,Molly Smith
Debbie,Gordon,Debbie.Gordon,Debbie.Gordon,Debbie Gordon
Laura,Rodriquez,Laura.Rodriquez,Laura.Rodrique,Laura Rodriquez
Hector,Martin,Hector.Martin,Hector.Martin,Hector Martin
Marvin,Boyd,Marvin.Boyd,Marvin.Boyd,Marvin Boyd
Mandy,Mitchell,Mandy.Mitchell,Mandy.Mitchell,Mandy Mitchell
Maurice,Adams,Maurice.Adams,Maurice.Adams,Maurice Adams
Jacob,Hayes,Jacob.Hayes,Jacob.Hayes,Jacob Hayes
Kayla,Taylor,Kayla.Taylor,Kayla.Taylor,Kayla Taylor
Brooke,Bennett,Brooke.Bennett,Brooke.Bennett,Brooke Bennett
Robert,Soto,Robert.Soto,Robert.Soto,Robert Soto
Lola,Rodriquez,Lola.Rodriquez,Lola.Rodriquez,Lola Rodriquez
Floyd,Cruz,Floyd.Cruz,Floyd.Cruz,Floyd Cruz
Walter,Lord,Walter.Lord,Walter.Lord,Walter Lord
Sebastian,Jimenez,Sebastian.Jimenez,Sebastian.Jime,Sebastian Jimenez
Lola,Rose,Lola.Rose,Lola.Rose,Lola Rose
Judith,Boyd,Judith.Boyd,Judith.Boyd,Judith Boyd
Nathaniel,Fernandez,Nathaniel.Fernandez,Nathaniel.Fern,Nathaniel Fernandez
Frederick,Jordan,Frederick.Jordan,Frederick.Jord,Frederick Jordan
Edward,Kim,Edward.Kim,Edward.Kim,Edward Kim
Herman,Warren,Herman.Warren,Herman.Warren,Herman Warren
Kelly,Matthews,Kelly.Matthews,Kelly.Matthews,Kelly Matthews
Gerald,Fowler,Gerald.Fowler,Gerald.Fowler,Gerald Fowler
Hector,Owens,Hector.Owens,Hector.Owens,Hector Owens
Colin,Macrae,Colin.Macrae,Colin.Macrae,Colin Macrae
Susan,Hanson,Susan.Hanson,Susan.Hanson,Susan Hanson
Melissa,Mitchell,Melissa.Mitchell,Melissa.Mitche,Melissa Mitchell
Eva,Stanley,Eva.Stanley,Eva.Stanley,Eva Stanley
Kevin,Thomas,Kevin.Thomas,Kevin.Thomas,Kevin Thomas
Billy,Parker,Billy.Parker,Billy.Parker,Billy Parker
Shane,Moreno,Shane.Moreno,Shane.Moreno,Shane Moreno
Kimberly,Knight,Kimberly.Knight,Kimberly.Knigh,Kimberly Knight
Dylan,Armstrong,Dylan.Armstrong,Dylan.Armstron,Dylan Armstrong
Elizabeth,Rose,Elizabeth.Rose,Elizabeth.Rose,Elizabeth Rose
Mandy,Mccoy,Mandy.Mccoy,Mandy.Mccoy,Mandy Mccoy
Samuel,Brewer,Samuel.Brewer,Samuel.Brewer,Samuel Brewer
Vicky,Miles,Vicky.Miles,Vicky.Miles,Vicky Miles
Mark,Fletcher,Mark.Fletcher,Mark.Fletcher,Mark Fletcher
Lloyd,Burton,Lloyd.Burton,Lloyd.Burton,Lloyd Burton
Kristin,Bishop,Kristin.Bishop,Kristin.Bishop,Kristin Bishop
Holly,Brewer,Holly.Brewer,Holly.Brewer,Holly Brewer
Flenn,Fowler,Flenn.Fowler,Flenn.Fowler,Flenn Fowler
Anna,Lopez,Anna.Lopez,Anna.Lopez,Anna Lopez
Anna,Newman,Anna.Newman,Anna.Newman,Anna Newman
Mary,Hunter,Mary.Hunter,Mary.Hunter,Mary Hunter
Alex,Ruiz,Alex.Ruiz,Alex.Ruiz,Alex Ruiz
Sergio,Reyes,Sergio.Reyes,Sergio.Reyes,Sergio Reyes
Marshall,Gomez,Marshall.Gomez,Marshall.Gomez,Marshall Gomez
Liam,Soto,Liam.Soto,Liam.Soto,Liam Soto
Andrew,Collins,Andrew.Collins,Andrew.Collins,Andrew Collins
Harold,Black,Harold.Black,Harold.Black,Harold Black
Nicole,Taylor,Nicole.Taylor,Nicole.Taylor,Nicole Taylor
Jimmy,Jimenez,Jimmy.Jimenez,Jimmy.Jimenez,Jimmy Jimenez
Zoe,Murphy,Zoe.Murphy,Zoe.Murphy,Zoe Murphy
Ralph,Hamilton,Ralph.Hamilton,Ralph.Hamilton,Ralph Hamilton
Salvador,Nelson,Salvador.Nelson,Salvador.Nelso,Salvador Nelson
Carolyn,Vargas,Carolyn.Vargas,Carolyn.Vargas,Carolyn Vargas
Ethan,James,Ethan.James,Ethan.James,Ethan James
Gabriel,Reynolds,Gabriel.Reynolds,Gabriel.Reynol,Gabriel Reynolds
Emma,Horton,Emma.Horton,Emma.Horton,Emma Horton
Diana,Ortiz,Diana.Ortiz,Diana.Ortiz,Diana Ortiz
Mitchell,Castillo,Mitchell.Castillo,Mitchell.Casti,Mitchell Castillo
Kenneth,Jennings,Kenneth.Jennings,Kenneth.Jennin,Kenneth Jennings
Owen,Moore,Owen.Moore,Owen.Moore,Owen Moore
Janet,Arnold,Janet.Arnold,Janet.Arnold,Janet Arnold
Kelly,Fox,Kelly.Fox,Kelly.Fox,Kelly Fox
Janet,Washington,Janet.Washington,Janet.Washingt,Janet Washington
Walter,Watkins,Walter.Watkins,Walter.Watkins,Walter Watkins
Megan,Miles,Megan.Miles,Megan.Miles,Megan Miles
Sam,Austin,Sam.Austin,Sam.Austin,Sam Austin
Heidi,Day,Heidi.Day,Heidi.Day,Heidi Day
Brittany,Hunt,Brittany.Hunt,Brittany.Hunt,Brittany Hunt
Ellen,Howell,Ellen.Howell,Ellen.Howell,Ellen Howell
Victor,Alexander,Victor.Alexander,Victor.Alexand,Victor Alexander
Ellie,Murray,Ellie.Murray,Ellie.Murray,Ellie Murray
Suzanne,Mckinney,Suzanne.Mckinney,Suzanne.Mckinn,Suzanne Mckinney
Philip,Romero,Philip.Romero,Philip.Romero,Philip Romero
Enrique,Macrae,Enrique.Macrae,Enrique.Macrae,Enrique Macrae
Amber,Martinez,Amber.Martinez,Amber.Martinez,Amber Martinez
Roger,Collins,Roger.Collins,Roger.Collins,Roger Collins
Izzie,Moreno,Izzie.Moreno,Izzie.Moreno,Izzie Moreno
Megan,Alexander,Megan.Alexander,Megan.Alexande,Megan Alexander
Hugh,Chapman,Hugh.Chapman,Hugh.Chapman,Hugh Chapman
Barry,Jimenez,Barry.Jimenez,Barry.Jimenez,Barry Jimenez
Brandon,Hart,Brandon.Hart,Brandon.Hart,Brandon Hart
Holly,Fisher,Holly.Fisher,Holly.Fisher,Holly Fisher
Tracy,Obrien,Tracy.Obrien,Tracy.Obrien,Tracy Obrien
Jen,Williams,Jen.Williams,Jen.Williams,Jen Williams
Ruben,Hoffman,Ruben.Hoffman,Ruben.Hoffman,Ruben Hoffman
Ramon,Banks,Ramon.Banks,Ramon.Banks,Ramon Banks
Melvin,Murphy,Melvin.Murphy,Melvin.Murphy,Melvin Murphy
Hanna,Harrison,Hanna.Harrison,Hanna.Harrison,Hanna Harrison
Melissa,Price,Melissa.Price,Melissa.Price,Melissa Price
Jamie,Walker,Jamie.Walker,Jamie.Walker,Jamie Walker
Cathy,Holmes,Cathy.Holmes,Cathy.Holmes,Cathy Holmes
Carol,Miller,Carol.Miller,Carol.Miller,Carol Miller
Hunter,Rose,Hunter.Rose,Hunter.Rose,Hunter Rose
Alexander,Allen,Alexander.Allen,Alexander.Alle,Alexander Allen
Hanna,Gilbert,Hanna.Gilbert,Hanna.Gilbert,Hanna Gilbert
Landon,Reed,Landon.Reed,Landon.Reed,Landon Reed
Jen,West,Jen.West,Jen.West,Jen West
Brittany,Williamson,Brittany.Williamson,Brittany.Willi,Brittany Williamson
Pat,Gardner,Pat.Gardner,Pat.Gardner,Pat Gardner
Eli,Nelson,Eli.Nelson,Eli.Nelson,Eli Nelson
